[
  {
    "id": "/subscriptions/15b65bd6-70ad-40f7-8bbe-caaae3a01dec/resourceGroups/AZ900_group/providers/Microsoft.Resources/deployments/CreateVm-MicrosoftWindowsServer.WindowsServer-201-20230903152351/operations/984BA680A6CF8780",
    "operationId": "984BA680A6CF8780",
    "properties": {
      "provisioningOperation": "Create",
      "provisioningState": "Succeeded",
      "timestamp": "2023-09-03T09:57:28.415412Z",
      "duration": "PT1M44.2177059S",
      "trackingId": "45eb6e9f-2949-4673-90db-f1aa6440f4d4",
      "statusCode": "OK",
      "targetResource": {
        "id": "/subscriptions/15b65bd6-70ad-40f7-8bbe-caaae3a01dec/resourceGroups/AZ900_group/providers/Microsoft.Compute/virtualMachines/ujjval1",
        "resourceType": "Microsoft.Compute/virtualMachines",
        "resourceName": "ujjval1"
      }
    }
  },
  {
    "id": "/subscriptions/15b65bd6-70ad-40f7-8bbe-caaae3a01dec/resourceGroups/AZ900_group/providers/Microsoft.Resources/deployments/CreateVm-MicrosoftWindowsServer.WindowsServer-201-20230903152351/operations/595BFFCC052AF8F9",
    "operationId": "595BFFCC052AF8F9",
    "properties": {
      "provisioningOperation": "Create",
      "provisioningState": "Succeeded",
      "timestamp": "2023-09-03T09:55:49.2361501Z",
      "duration": "PT5.038444S",
      "trackingId": "783563ae-0f08-4e17-87d5-3c5528982f50",
      "statusCode": "Created",
      "targetResource": {
        "id": "/subscriptions/15b65bd6-70ad-40f7-8bbe-caaae3a01dec/resourceGroups/AZ900_group/providers/Microsoft.Network/networkInterfaces/ujjval1718_z1",
        "resourceType": "Microsoft.Network/networkInterfaces",
        "resourceName": "ujjval1718_z1"
      }
    }
  },
  {
    "id": "/subscriptions/15b65bd6-70ad-40f7-8bbe-caaae3a01dec/resourceGroups/AZ900_group/providers/Microsoft.Resources/deployments/CreateVm-MicrosoftWindowsServer.WindowsServer-201-20230903152351/operations/090F968335872C32",
    "operationId": "090F968335872C32",
    "properties": {
      "provisioningOperation": "Create",
      "provisioningState": "Succeeded",
      "timestamp": "2023-09-03T09:55:43.8563611Z",
      "duration": "PT14.4619558S",
      "trackingId": "3d86617a-58bb-47b0-9402-8cfd9d931dca",
      "statusCode": "OK",
      "targetResource": {
        "id": "/subscriptions/15b65bd6-70ad-40f7-8bbe-caaae3a01dec/resourceGroups/AZ900_group/providers/Microsoft.Network/networkSecurityGroups/ujjval1-nsg",
        "resourceType": "Microsoft.Network/networkSecurityGroups",
        "resourceName": "ujjval1-nsg"
      }
    }
  },
  {
    "id": "/subscriptions/15b65bd6-70ad-40f7-8bbe-caaae3a01dec/resourceGroups/AZ900_group/providers/Microsoft.Resources/deployments/CreateVm-MicrosoftWindowsServer.WindowsServer-201-20230903152351/operations/DB8B9FBDAAC06B4B",
    "operationId": "DB8B9FBDAAC06B4B",
    "properties": {
      "provisioningOperation": "Create",
      "provisioningState": "Succeeded",
      "timestamp": "2023-09-03T09:55:44.1011071Z",
      "duration": "PT14.7067018S",
      "trackingId": "2e06e2cd-9b19-4ed4-9fd0-3860333445fa",
      "statusCode": "OK",
      "targetResource": {
        "id": "/subscriptions/15b65bd6-70ad-40f7-8bbe-caaae3a01dec/resourceGroups/AZ900_group/providers/Microsoft.Network/virtualNetworks/ujjval1-vnet",
        "resourceType": "Microsoft.Network/virtualNetworks",
        "resourceName": "ujjval1-vnet"
      }
    }
  },
  {
    "id": "/subscriptions/15b65bd6-70ad-40f7-8bbe-caaae3a01dec/resourceGroups/AZ900_group/providers/Microsoft.Resources/deployments/CreateVm-MicrosoftWindowsServer.WindowsServer-201-20230903152351/operations/F36726E906533FB5",
    "operationId": "F36726E906533FB5",
    "properties": {
      "provisioningOperation": "Create",
      "provisioningState": "Succeeded",
      "timestamp": "2023-09-03T09:55:42.6107275Z",
      "duration": "PT13.2163222S",
      "trackingId": "c4ab2351-2c13-41e7-9a9e-22448a4ba162",
      "statusCode": "OK",
      "targetResource": {
        "id": "/subscriptions/15b65bd6-70ad-40f7-8bbe-caaae3a01dec/resourceGroups/AZ900_group/providers/Microsoft.Network/publicIpAddresses/ujjval1-ip",
        "resourceType": "Microsoft.Network/publicIpAddresses",
        "resourceName": "ujjval1-ip"
      }
    }
  },
  {
    "id": "/subscriptions/15b65bd6-70ad-40f7-8bbe-caaae3a01dec/resourceGroups/AZ900_group/providers/Microsoft.Resources/deployments/CreateVm-MicrosoftWindowsServer.WindowsServer-201-20230903152351/operations/08585078719595806936",
    "operationId": "08585078719595806936",
    "properties": {
      "provisioningOperation": "EvaluateDeploymentOutput",
      "provisioningState": "Succeeded",
      "timestamp": "2023-09-03T09:57:28.5494466Z",
      "duration": "PT1M44.3517405S",
      "trackingId": "5ec83018-c694-46fd-9215-345a88126683",
      "statusCode": "OK"
    }
  }
]