{
  "id": "/subscriptions/15b65bd6-70ad-40f7-8bbe-caaae3a01dec/resourceGroups/AZ900_group/providers/Microsoft.Resources/deployments/CreateVm-MicrosoftWindowsServer.WindowsServer-201-20230903152351",
  "name": "CreateVm-MicrosoftWindowsServer.WindowsServer-201-20230903152351",
  "type": "Microsoft.Resources/deployments",
  "tags": {
    "primaryResourceId": "/subscriptions/15b65bd6-70ad-40f7-8bbe-caaae3a01dec/resourcegroups/AZ900_group/providers/Microsoft.Compute/virtualMachines/ujjval1",
    "marketplaceItemId": "Microsoft.VirtualMachine-ARM",
    "provisioningHash": "SolutionProvider"
  },
  "properties": {
    "templateHash": "5200936703593789986",
    "parameters": {
      "location": {
        "type": "String",
        "value": "eastus2"
      },
      "networkInterfaceName1": {
        "type": "String",
        "value": "ujjval1718_z1"
      },
      "enableAcceleratedNetworking": {
        "type": "Bool",
        "value": true
      },
      "networkSecurityGroupName": {
        "type": "String",
        "value": "ujjval1-nsg"
      },
      "networkSecurityGroupRules": {
        "type": "Array",
        "value": [
          {
            "name": "RDP",
            "properties": {
              "priority": 300,
              "protocol": "TCP",
              "access": "Allow",
              "direction": "Inbound",
              "sourceAddressPrefix": "*",
              "sourcePortRange": "*",
              "destinationAddressPrefix": "*",
              "destinationPortRange": "3389"
            }
          },
          {
            "name": "HTTP",
            "properties": {
              "priority": 320,
              "protocol": "TCP",
              "access": "Allow",
              "direction": "Inbound",
              "sourceAddressPrefix": "*",
              "sourcePortRange": "*",
              "destinationAddressPrefix": "*",
              "destinationPortRange": "80"
            }
          },
          {
            "name": "HTTPS",
            "properties": {
              "priority": 340,
              "protocol": "TCP",
              "access": "Allow",
              "direction": "Inbound",
              "sourceAddressPrefix": "*",
              "sourcePortRange": "*",
              "destinationAddressPrefix": "*",
              "destinationPortRange": "443"
            }
          },
          {
            "name": "SSH",
            "properties": {
              "priority": 360,
              "protocol": "TCP",
              "access": "Allow",
              "direction": "Inbound",
              "sourceAddressPrefix": "*",
              "sourcePortRange": "*",
              "destinationAddressPrefix": "*",
              "destinationPortRange": "22"
            }
          }
        ]
      },
      "subnetName": {
        "type": "String",
        "value": "default"
      },
      "virtualNetworkName": {
        "type": "String",
        "value": "ujjval1-vnet"
      },
      "addressPrefixes": {
        "type": "Array",
        "value": [
          "10.0.0.0/16"
        ]
      },
      "subnets": {
        "type": "Array",
        "value": [
          {
            "name": "default",
            "properties": {
              "addressPrefix": "10.0.0.0/24"
            }
          }
        ]
      },
      "publicIpAddressName1": {
        "type": "String",
        "value": "ujjval1-ip"
      },
      "publicIpAddressType": {
        "type": "String",
        "value": "Static"
      },
      "publicIpAddressSku": {
        "type": "String",
        "value": "Standard"
      },
      "pipDeleteOption": {
        "type": "String",
        "value": "Detach"
      },
      "virtualMachineName": {
        "type": "String",
        "value": "ujjval1"
      },
      "virtualMachineName1": {
        "type": "String",
        "value": "ujjval1"
      },
      "virtualMachineComputerName1": {
        "type": "String",
        "value": "ujjval1"
      },
      "virtualMachineRG": {
        "type": "String",
        "value": "AZ900_group"
      },
      "osDiskType": {
        "type": "String",
        "value": "Premium_LRS"
      },
      "osDiskDeleteOption": {
        "type": "String",
        "value": "Delete"
      },
      "virtualMachineSize": {
        "type": "String",
        "value": "Standard_DS1_v2"
      },
      "nicDeleteOption": {
        "type": "String",
        "value": "Detach"
      },
      "adminUsername": {
        "type": "String",
        "value": "ujjval"
      },
      "adminPassword": {
        "type": "SecureString"
      },
      "patchMode": {
        "type": "String",
        "value": "AutomaticByOS"
      },
      "enableHotpatching": {
        "type": "Bool",
        "value": false
      },
      "securityType": {
        "type": "String",
        "value": "TrustedLaunch"
      },
      "secureBoot": {
        "type": "Bool",
        "value": true
      },
      "vTPM": {
        "type": "Bool",
        "value": true
      },
      "virtualMachine1Zone": {
        "type": "String",
        "value": "1"
      }
    },
    "mode": "Incremental",
    "debugSetting": {
      "detailLevel": "None"
    },
    "provisioningState": "Succeeded",
    "timestamp": "2023-09-03T09:57:28.5781417Z",
    "duration": "PT2M1.0601335S",
    "correlationId": "c9d83c94-b5d8-4484-9bc8-564487f0379f",
    "providers": [
      {
        "namespace": "Microsoft.Network",
        "resourceTypes": [
          {
            "resourceType": "networkInterfaces",
            "locations": [
              "eastus2"
            ]
          },
          {
            "resourceType": "networkSecurityGroups",
            "locations": [
              "eastus2"
            ]
          },
          {
            "resourceType": "virtualNetworks",
            "locations": [
              "eastus2"
            ]
          },
          {
            "resourceType": "publicIpAddresses",
            "locations": [
              "eastus2"
            ]
          }
        ]
      },
      {
        "namespace": "Microsoft.Compute",
        "resourceTypes": [
          {
            "resourceType": "virtualMachines",
            "locations": [
              "eastus2"
            ]
          }
        ]
      }
    ],
    "dependencies": [
      {
        "dependsOn": [
          {
            "id": "/subscriptions/15b65bd6-70ad-40f7-8bbe-caaae3a01dec/resourceGroups/AZ900_group/providers/Microsoft.Network/networkSecurityGroups/ujjval1-nsg",
            "resourceType": "Microsoft.Network/networkSecurityGroups",
            "resourceName": "ujjval1-nsg"
          },
          {
            "id": "/subscriptions/15b65bd6-70ad-40f7-8bbe-caaae3a01dec/resourceGroups/AZ900_group/providers/Microsoft.Network/virtualNetworks/ujjval1-vnet",
            "resourceType": "Microsoft.Network/virtualNetworks",
            "resourceName": "ujjval1-vnet"
          },
          {
            "id": "/subscriptions/15b65bd6-70ad-40f7-8bbe-caaae3a01dec/resourceGroups/AZ900_group/providers/Microsoft.Network/publicIpAddresses/ujjval1-ip",
            "resourceType": "Microsoft.Network/publicIpAddresses",
            "resourceName": "ujjval1-ip"
          }
        ],
        "id": "/subscriptions/15b65bd6-70ad-40f7-8bbe-caaae3a01dec/resourceGroups/AZ900_group/providers/Microsoft.Network/networkInterfaces/ujjval1718_z1",
        "resourceType": "Microsoft.Network/networkInterfaces",
        "resourceName": "ujjval1718_z1"
      },
      {
        "dependsOn": [
          {
            "id": "/subscriptions/15b65bd6-70ad-40f7-8bbe-caaae3a01dec/resourceGroups/AZ900_group/providers/Microsoft.Network/networkInterfaces/ujjval1718_z1",
            "resourceType": "Microsoft.Network/networkInterfaces",
            "resourceName": "ujjval1718_z1"
          }
        ],
        "id": "/subscriptions/15b65bd6-70ad-40f7-8bbe-caaae3a01dec/resourceGroups/AZ900_group/providers/Microsoft.Compute/virtualMachines/ujjval1",
        "resourceType": "Microsoft.Compute/virtualMachines",
        "resourceName": "ujjval1"
      }
    ],
    "outputs": {
      "adminUsername": {
        "type": "String",
        "value": "ujjval"
      }
    },
    "outputResources": [
      {
        "id": "/subscriptions/15b65bd6-70ad-40f7-8bbe-caaae3a01dec/resourceGroups/AZ900_group/providers/Microsoft.Compute/virtualMachines/ujjval1"
      },
      {
        "id": "/subscriptions/15b65bd6-70ad-40f7-8bbe-caaae3a01dec/resourceGroups/AZ900_group/providers/Microsoft.Network/networkInterfaces/ujjval1718_z1"
      },
      {
        "id": "/subscriptions/15b65bd6-70ad-40f7-8bbe-caaae3a01dec/resourceGroups/AZ900_group/providers/Microsoft.Network/networkSecurityGroups/ujjval1-nsg"
      },
      {
        "id": "/subscriptions/15b65bd6-70ad-40f7-8bbe-caaae3a01dec/resourceGroups/AZ900_group/providers/Microsoft.Network/publicIpAddresses/ujjval1-ip"
      },
      {
        "id": "/subscriptions/15b65bd6-70ad-40f7-8bbe-caaae3a01dec/resourceGroups/AZ900_group/providers/Microsoft.Network/virtualNetworks/ujjval1-vnet"
      }
    ],
    "validationLevel": "Template"
  }
}